Date,Open,High,Low,Close,Adj Close,Volume
01-01-2020,185.149994,186.699997,183.600006,184.449997,183.311234,25968357
02-01-2020,185,194.699997,184.600006,193.75,192.553818,57289863
03-01-2020,192.899994,195.649994,189.25,191.100006,189.920181,47572728
06-01-2020,191,191,185.050003,185.649994,184.503815,28621212
07-01-2020,187,189.399994,182.300003,184.699997,183.559677,34995035
08-01-2020,180.199997,184.199997,180.199997,182.550003,181.422958,21862695
09-01-2020,184.850006,192.75,184.25,192,190.814621,40803142
10-01-2020,192,199,190,196.350006,195.137756,60252338
13-01-2020,194.75,197.75,191.399994,196.25,195.038376,40535961
14-01-2020,195.699997,198.25,193.600006,195.850006,194.640839,29867542
15-01-2020,195,201.699997,194,200.350006,199.113068,38485962
16-01-2020,199.5,200.600006,196.899994,197.550003,196.330353,28118140
17-01-2020,197.25,199.449997,195.699997,197.300003,196.081894,18204088
20-01-2020,198,201.449997,194.300003,195,193.796097,28976013
21-01-2020,195.5,196.399994,190.199997,191.399994,190.218307,20859400
22-01-2020,191.949997,192.5,184.25,185.600006,184.454132,32952072
23-01-2020,186.75,190.399994,183.800003,188.399994,187.236832,33032086
24-01-2020,188,191,185,186.5,185.348557,21791825
27-01-2020,185.699997,186.899994,180.850006,182.199997,181.075104,30132428
28-01-2020,183.899994,184.300003,174.899994,176.100006,175.012787,38283588
29-01-2020,178.800003,188.899994,178.550003,188.050003,186.889008,61585660
30-01-2020,190.949997,192.550003,184.25,186.199997,185.050415,70900581
31-01-2020,186.300003,188.350006,175.949997,176.600006,175.509689,75621897
03-02-2020,163.5,168.300003,159.550003,163.850006,162.838409,66616190
04-02-2020,166.550003,168.600006,161.199997,165.699997,164.676987,49034642
05-02-2020,167.399994,184.949997,166.600006,183.75,182.615555,92982265
06-02-2020,182,183.399994,175.75,178.850006,177.745804,61821140
07-02-2020,177.399994,178.149994,173,173.600006,172.528214,45195760
10-02-2020,173.199997,173.199997,168,168.899994,167.857224,33279372
11-02-2020,171.850006,175.149994,168.399994,169.75,168.701981,42868276
12-02-2020,173,173.300003,169,170.949997,169.894577,34621395
13-02-2020,171.350006,172.350006,168.100006,169.5,168.453522,25049848
14-02-2020,172,176.199997,168.300003,169.100006,168.056015,56676430
17-02-2020,170.399994,171.350006,166.350006,169.100006,168.056015,32893274
18-02-2020,168,168,158.600006,161.600006,160.60231,52744122
19-02-2020,162.850006,164.600006,153.050003,158.050003,157.074219,78914233
20-02-2020,157.949997,162.300003,156,158.5,157.521439,54328194
24-02-2020,154,155.899994,149.600006,150.649994,149.719894,39706007
25-02-2020,152.199997,153.399994,147.449997,149.899994,148.974533,52719851
26-02-2020,146.899994,147.899994,143.699997,144.550003,143.657562,47605927
27-02-2020,144.149994,146.75,141.100006,145.25,144.353241,51328153
28-02-2020,138.850006,139.600006,127.050003,128.949997,128.15387,94469619
02-03-2020,133,133.899994,123.800003,125.400002,124.625793,111585697
03-03-2020,127.5,131.399994,125.25,130.350006,129.545242,86765576
04-03-2020,129.600006,129.600006,120.550003,126.199997,125.420853,97546902
05-03-2020,127.550003,129.149994,124.25,125.75,124.973633,87795649
06-03-2020,115,117.300003,112.800003,114.199997,113.494942,83971462
09-03-2020,109,109.849998,104.25,105.699997,105.047417,81549809
11-03-2020,104.849998,106.5,97.800003,98.900002,98.289406,111146790
12-03-2020,91.099998,94.900002,84.099998,88,87.456696,143550830
13-03-2020,81.900002,94.150002,78.050003,89.75,89.195892,106151311
16-03-2020,85.599998,87.650002,82.199997,82.949997,82.437874,73702778
17-03-2020,83.050003,85,77.400002,77.949997,77.468742,71842549
18-03-2020,79.900002,80.449997,75.099998,75.5,75.033875,70105052
19-03-2020,70,76.5,68.75,72.949997,72.499611,68122549
20-03-2020,74,79.599998,72.650002,77.300003,76.822762,86043342
23-03-2020,70,72,66,66.199997,65.79129,34184325
24-03-2020,69.900002,71.5,63.5,68.550003,68.126778,49551990
25-03-2020,67.75,71.699997,67.25,70.25,69.816284,57713806
26-03-2020,71.449997,73.5,68.300003,70.800003,70.362892,63821068
27-03-2020,72.050003,75.900002,69.349998,70.699997,70.263504,58814757
30-03-2020,68.800003,70,67.25,68.150002,67.729256,35278010
31-03-2020,70.599998,71.5,68.199997,71.050003,70.611343,46157286
01-04-2020,70.5,71.650002,67.550003,67.949997,67.530479,38149007
03-04-2020,66.900002,66.900002,64.800003,65.300003,64.896851,35346301
07-04-2020,68.550003,69.300003,66.900002,67.25,66.834801,42066469
08-04-2020,66.5,71.599998,65.400002,67.599998,67.18264,82179303
09-04-2020,69.599998,76.25,69.099998,74.599998,74.139427,112677273
13-04-2020,76,77.599998,72.699997,74.25,73.791588,70409900
15-04-2020,75.400002,78.699997,71.949997,72.900002,72.449921,81121081
16-04-2020,71.75,75.400002,71,74.650002,74.189125,47910164
17-04-2020,78.300003,78.300003,74.699997,76.849998,76.375534,58333485
20-04-2020,76.849998,83.400002,75.5,80.449997,79.953308,125425355
21-04-2020,78,78,74,74.650002,74.189125,58248325
22-04-2020,74.449997,76.550003,72.550003,75.900002,75.431404,56529293
23-04-2020,76.75,78.650002,75.400002,75.650002,75.182945,50366856
24-04-2020,75,76.900002,74,74.199997,73.741898,40047438
27-04-2020,75.900002,76.199997,74.800003,75.25,74.785416,27835340
28-04-2020,75.650002,78.199997,75.199997,76.949997,76.474915,34825405
29-04-2020,77.449997,79.300003,76.550003,78.150002,77.667511,40784783
30-04-2020,85.949997,93.75,85.949997,93.25,92.674278,170634033
04-05-2020,87,87.199997,81.5,83.900002,83.382011,91159477
05-05-2020,86,86.800003,80.400002,80.900002,80.400528,57122148
06-05-2020,81.550003,83.949997,80.349998,83.199997,82.686333,53739248
07-05-2020,82.900002,84.650002,82.099998,82.5,81.990654,31159970
08-05-2020,84.5,84.949997,80.550003,81.050003,80.549614,35362751
11-05-2020,81.449997,90.650002,81.400002,86.099998,85.568428,152588401
12-05-2020,85.949997,87.699997,83.5,86.199997,85.667809,77551590
13-05-2020,92.5,92.5,86.25,87.199997,86.661636,68086031
14-05-2020,83.949997,85.300003,82.550003,83.800003,83.282631,46340453
15-05-2020,84.699997,85.349998,82.800003,84.349998,83.829231,38592209
18-05-2020,84.5,84.5,79.599998,80.650002,80.152077,44221170
19-05-2020,82.5,85.650002,81.5,81.800003,81.294975,65378983
20-05-2020,81.25,84.400002,80.699997,83.449997,82.934784,36351053
21-05-2020,83.099998,85.199997,82.900002,84.099998,83.580772,37290144
22-05-2020,83.400002,83.900002,82,82.800003,82.288803,29252676
26-05-2020,83.900002,85.699997,82.599998,83.099998,82.586945,38014864
27-05-2020,84.099998,86,84,84.550003,84.028008,57947903
28-05-2020,86,88.150002,84.550003,87,86.462875,96179680
29-05-2020,85.550003,87.5,84.650002,87,86.462875,80813537
01-06-2020,88.900002,91.199997,88,89.550003,88.997131,71070852
02-06-2020,90,97.300003,89.75,96.5,95.904221,125407771
03-06-2020,100,101.449997,97.400002,98.75,98.140335,90598067
04-06-2020,99,101.400002,96.800003,98.5,97.891869,72078707
05-06-2020,100.449997,112.449997,99.050003,110.75,110.066246,187209208
08-06-2020,114,119.150002,113.349998,115.449997,114.737228,136943010
09-06-2020,117.449997,117.900002,110.25,111.449997,110.761917,79473751
10-06-2020,111,113,108.5,111.400002,110.712234,84038431
11-06-2020,109.900002,111.150002,105,106.150002,105.494644,55485897
12-06-2020,98,106.25,98,105.300003,104.649887,92989560
15-06-2020,104.650002,104.650002,100.050003,100.5,99.879524,69318356
16-06-2020,102,103.5,92,94.75,94.165031,215476711
17-06-2020,93,96.400002,91.800003,95.400002,94.811012,110830038
18-06-2020,95,97.199997,94.150002,96.349998,95.755142,58964344
19-06-2020,96.5,103.900002,95.599998,102.5,101.867172,135462757
22-06-2020,102.349998,104.900002,101,102.650002,102.016251,68545834
23-06-2020,103,106,101.900002,104.400002,103.755447,68638552
24-06-2020,105.25,110.800003,104.199997,104.800003,104.152977,125457492
25-06-2020,103.849998,106.300003,101.650002,103.800003,103.159149,63198285
26-06-2020,105.400002,106.050003,100.349998,101.400002,100.773972,56327855
29-06-2020,101.400002,101.400002,98.050003,99.449997,98.835999,43274006
30-06-2020,101.75,102.300003,97.300003,98.25,97.643417,50764363
01-07-2020,99,101.449997,98.199997,100.75,100.127983,50857376
02-07-2020,100.75,102.949997,100.400002,101.550003,100.92305,48083736
03-07-2020,102.849998,106.349998,102.099998,103.449997,102.811302,87310642
06-07-2020,105,109.900002,104.5,109,108.327042,91970198
07-07-2020,109.800003,112.599998,108.050003,109.050003,108.37674,85835716
08-07-2020,109.5,110.849998,104.199997,105.349998,104.699577,55887256
09-07-2020,106.300003,108.949997,104.650002,106.949997,106.289696,54492650
10-07-2020,106.699997,108.599998,105.400002,107.599998,106.935692,64694173
13-07-2020,108.849998,112.099998,106.849998,108,107.333221,81893001
14-07-2020,106.900002,107.550003,104.099998,105.150002,104.500816,46924623
15-07-2020,106.800003,106.800003,102.5,103.199997,102.562851,49687046
16-07-2020,103.949997,103.949997,100.599998,102.949997,102.314392,44333785
17-07-2020,103.650002,106.949997,103.300003,106.400002,105.743103,42080157
20-07-2020,106.349998,106.349998,103.849998,105.050003,104.401436,39786731
21-07-2020,106,109.699997,105.5,108.449997,107.780434,66008143
22-07-2020,108.5,109.75,104.25,105.150002,104.500816,50735592
23-07-2020,105.449997,106.449997,104.699997,106.050003,105.395264,30722413
24-07-2020,104.699997,105.5,102.699997,103.75,103.109459,39363520
27-07-2020,104,104.5,101.300003,101.699997,101.072113,29644533
28-07-2020,102.300003,107.199997,102,106.449997,105.792786,64271161
29-07-2020,108.099998,108.75,104.849998,105.75,105.097115,44561639
30-07-2020,106.400002,106.75,102.849998,103.650002,103.010078,33378340
31-07-2020,104,105.400002,102.300003,104.650002,104.003906,33809018
03-08-2020,103,114.400002,102.900002,113.050003,112.352043,194765344
04-08-2020,112.949997,115.099998,110.800003,111.449997,110.761917,95906477
05-08-2020,112.400002,117.650002,112,115.400002,114.687538,99371050
06-08-2020,116.199997,117.699997,115.5,116.800003,116.078888,60092530
07-08-2020,117,119.699997,116,119.099998,118.364693,56489390
10-08-2020,119.949997,124.699997,119.699997,123.849998,123.085358,71093810
11-08-2020,125,125.800003,121.400002,122.300003,121.544937,50224665
12-08-2020,121,126.400002,120.599998,125.349998,124.576103,50713617
13-08-2020,126.099998,131.899994,124.400002,131.149994,130.340286,95489249
14-08-2020,131.149994,132.649994,123.699997,124.599998,123.830734,75032834
17-08-2020,124.5,126.25,120.599998,123.550003,122.787216,61154250
18-08-2020,124,127.5,123.599998,125.599998,124.824562,62153763
19-08-2020,127,127.599998,124.75,125.150002,124.377335,45128613
20-08-2020,123.449997,125.650002,121.099998,121.699997,120.948631,43530882
21-08-2020,124.199997,124.199997,120.150002,120.900002,120.15358,48650204
24-08-2020,122,123,120.800003,121.199997,120.451721,31294253
25-08-2020,121.800003,128.350006,121.099998,127.099998,126.3153,90263366
26-08-2020,130.5,139,128.350006,137.899994,137.048615,197510376
27-08-2020,140.100006,146.850006,139.300003,144.25,143.359421,181380747
28-08-2020,144.149994,146.199997,140.5,142.800003,141.918365,95194825
31-08-2020,144.5,147.949997,138.199997,143.199997,142.315887,160564488
01-09-2020,143.399994,145.149994,140.399994,143.800003,142.912186,58811543
02-09-2020,144.300003,151.649994,141.449997,150.300003,149.37207,74947929
03-09-2020,151.600006,155.199997,149.550003,151.850006,150.912491,110156350
04-09-2020,147.899994,153.649994,147,147.800003,146.887497,95560889
07-09-2020,150,152,148,149.399994,148.477615,82617101
08-09-2020,149.449997,149.600006,141.199997,142.300003,141.421463,76286731
09-09-2020,141,141.75,135.699997,140.100006,139.235031,105355010
10-09-2020,142.800003,144.5,138,143.300003,142.415283,79606504
11-09-2020,143.100006,146.800003,141.649994,144.300003,143.409119,65135339
14-09-2020,147.199997,151.100006,145.5,148.550003,147.632874,84505930
15-09-2020,149.399994,149.399994,146.550003,148.399994,147.483795,42886817
16-09-2020,149.199997,154.300003,148.550003,151.449997,150.514954,85056501
17-09-2020,150.800003,151,146.199997,147.649994,146.738419,48119360
18-09-2020,148.699997,150.5,146.25,147.899994,146.986877,46270863
21-09-2020,147.75,147.75,135.5,137.449997,136.601395,64734493
22-09-2020,138,138.149994,129.649994,133.100006,132.278259,87298020
23-09-2020,135.5,136.699997,127.900002,131.399994,130.58876,74981613
24-09-2020,127.900002,128.800003,122.150002,122.800003,122.041855,62420957
25-09-2020,123.699997,128.350006,123.099998,127.25,126.464371,65040759
28-09-2020,128.899994,134.300003,127.5,132.850006,132.0298,61830817
29-09-2020,134.949997,136,130.699997,131.699997,130.886902,63366932
30-09-2020,131.550003,134.399994,130.300003,133.300003,132.47702,48859088
01-10-2020,135.899994,136.5,132.550003,133.5,132.675781,40491744
05-10-2020,136.949997,137.5,132.050003,133.899994,133.073303,55268322
06-10-2020,138,145.800003,136,144.75,143.856339,161987221
07-10-2020,144.25,144.5,139.800003,141,140.129486,68273641
08-10-2020,142.850006,143.5,139.600006,140.949997,140.079788,40900948
09-10-2020,141.149994,142.649994,138,138.449997,137.595215,37097190
12-10-2020,139.649994,139.649994,133,135.899994,135.060959,39279109
13-10-2020,135.399994,137.100006,132.850006,134.100006,133.272079,38973506
14-10-2020,133.75,134.649994,128.800003,130.699997,129.893082,45791440
15-10-2020,131.5,134.350006,126.5,126.949997,126.166222,64002864
16-10-2020,129.399994,130.050003,126,127.75,126.961288,62553775
19-10-2020,129.800003,130.399994,127.800003,128.25,127.458199,33157664
20-10-2020,128.100006,130.300003,126.349998,129.649994,128.849548,27465829
21-10-2020,131.050003,133.100006,128.300003,130.25,129.445847,39252663
22-10-2020,129.699997,134.600006,128.449997,133.5,132.675781,48808592
23-10-2020,134.899994,138.899994,134.100006,137,136.154175,68711352
26-10-2020,138.399994,140.800003,131.25,133.699997,132.874557,88531579
27-10-2020,134.149994,136.75,130.850006,135.649994,134.812515,56856159
28-10-2020,139,143.25,133.5,134.800003,133.967758,152359338
29-10-2020,132,133,130,131.899994,131.085663,66632704
30-10-2020,133.199997,134.5,130.300003,132.649994,131.831024,51128530
02-11-2020,133.649994,134,131.100006,132.850006,132.0298,40388690
03-11-2020,135,137.399994,133.550003,134.100006,133.272079,52071476
04-11-2020,135.600006,137,134,135.899994,135.060959,44675934
05-11-2020,137,138,136,137.649994,136.800156,38928602
06-11-2020,137.649994,142.300003,137.649994,139,138.14183,67966815
09-11-2020,140.600006,141.5,138.699997,141,140.129486,40277460
10-11-2020,144.050003,146.699997,142.75,146,145.098618,68794369
11-11-2020,146.5,151.5,145.649994,150.949997,150.018051,78583629
12-11-2020,150.949997,153.850006,150,151.199997,150.266495,56145517
13-11-2020,150,150,145.350006,146.350006,145.446457,32566537
14-11-2020,148.699997,150.800003,148,148.850006,147.931015,11749453
17-11-2020,152.5,159.350006,152.199997,158,157.024521,82644841
18-11-2020,158.850006,178.800003,158.550003,173.5,172.428818,171801183
19-11-2020,171.399994,176.350006,166.550003,167.949997,166.913086,109449407
20-11-2020,170.050003,171.550003,165.550003,169.100006,168.056015,66935703
23-11-2020,169.5,173.899994,165.550003,170.699997,169.646118,54566251
24-11-2020,171.850006,175.5,171.100006,172.050003,170.987793,47695247
25-11-2020,175,176.800003,169.25,171.449997,170.391495,54366608
26-11-2020,171.600006,175,171.050003,173.75,172.677292,39094724
27-11-2020,174.649994,183.850006,174.649994,180.350006,179.236542,125926062
01-12-2020,182.350006,182.399994,178.100006,179.75,178.640244,48881250
02-12-2020,184,187.350006,181.100006,183.600006,182.466476,88107889
03-12-2020,185,186,183.25,184.850006,183.708755,33332481
04-12-2020,186.5,188.800003,182.199997,184.149994,183.013077,47995639
07-12-2020,184.449997,186.449997,182.699997,183.550003,182.416779,29802472
08-12-2020,184.949997,185.699997,178.949997,181.800003,180.677597,42143391
09-12-2020,183,186.399994,181.649994,182.699997,181.572037,40300535
10-12-2020,182.699997,182.699997,176.399994,177.600006,176.503525,38368777
11-12-2020,177.949997,181.449997,176.5,178.850006,177.745804,43065542
14-12-2020,181,181.5,176.699997,177.649994,176.553207,33186273
15-12-2020,176.449997,179.699997,173.25,178.899994,177.795486,41190341
16-12-2020,181,183.800003,180.100006,182.550003,181.422958,51259394
17-12-2020,184,184,180.649994,181.699997,180.578201,34101954
18-12-2020,180.899994,181.5,176.649994,180.550003,179.435303,46065197
21-12-2020,176,177.550003,162.5,164.550003,163.534088,75582907
22-12-2020,164.550003,169.199997,156.699997,164.949997,163.93161,110009846
23-12-2020,165,169.699997,163.399994,169.199997,168.155365,56930071
24-12-2020,172,178,172,175.949997,174.863693,73831319
28-12-2020,179.850006,187.399994,179,186.350006,185.199509,98012135
29-12-2020,187.899994,188.449997,181.100006,183.449997,182.317398,71318085
30-12-2020,183.100006,185.399994,180.399994,184.149994,183.013077,38576159
31-12-2020,184.850006,187.5,182.800003,183.850006,182.714935,48978310
01-01-2021,184.949997,187,184.5,186.5,185.348557,27334421
04-01-2021,191.800003,193,188.75,191.300003,190.118942,63980597
05-01-2021,187.100006,193.899994,185.050003,193.199997,192.007202,75752593
06-01-2021,194.449997,197.600006,190.649994,195.399994,194.193619,75621947
07-01-2021,197,200.350006,195.100006,196.75,195.535294,66024848
08-01-2021,198.75,201.5,197.100006,198.149994,196.926651,53991568
11-01-2021,199.899994,225.399994,199.649994,220.649994,219.28772,182483100
12-01-2021,227,252.399994,224.100006,237.800003,236.331848,390577839
13-01-2021,242.899994,248.800003,238.399994,242.600006,241.102219,164649387
14-01-2021,242.850006,249.800003,238.600006,245.100006,243.586792,86819519
15-01-2021,246,264.649994,242.600006,260.299988,258.692932,250038029
18-01-2021,261.649994,262.450012,241.149994,245.949997,244.431519,173383224
19-01-2021,251.5,261.700012,251.300003,258.649994,257.053131,136861059
20-01-2021,260,277.5,258.850006,274.899994,273.202789,205145151
21-01-2021,281,299,280,290.600006,288.805878,283614463
22-01-2021,295.950012,306.899994,278.350006,289.350006,287.563599,316008609
25-01-2021,296.899994,299.5,277.350006,279.149994,277.426544,164346913
27-01-2021,274.899994,275,265.700012,267.5,265.84848,126586833
28-01-2021,260.049988,273.399994,259.049988,266.799988,265.152802,129156876
29-01-2021,273,278.799988,260.600006,262.700012,261.078156,138442348
01-02-2021,269.75,282,255.350006,279.600006,277.873779,165655500
02-02-2021,293.600006,328.850006,290.399994,322,320.012024,251965965
03-02-2021,339.200012,341.899994,326.200012,331,328.956421,224190114
04-02-2021,329,334.5,322.450012,326.149994,324.136383,121033002
05-02-2021,327.600006,330,312.600006,315.899994,313.949677,103512235
08-02-2021,318.75,339.25,318,335.950012,333.875885,102123614
09-02-2021,337,338.5,322.200012,325.049988,323.043152,105981081
10-02-2021,326,332.649994,319.5,328.899994,326.869415,93466949
11-02-2021,326.450012,331.350006,323.399994,325,322.993469,55257166
12-02-2021,326.399994,330.5,321.25,325.399994,323.391022,64093642
15-02-2021,329.899994,335.799988,324,333.350006,331.291931,78680452
16-02-2021,335.450012,337.899994,327.5,329.200012,327.167572,65943843
17-02-2021,326.899994,334.25,325.450012,330.149994,328.111694,52150941
18-02-2021,331.5,331.75,321.100006,323.850006,321.850586,49204247
19-02-2021,321.950012,321.950012,301.399994,311.850006,309.924683,80274683
22-02-2021,312.450012,313.899994,302.149994,304.5,302.620056,57723298
23-02-2021,308.5,328.899994,308.5,324,321.999664,133310157
24-02-2021,325,330,316.5,321.649994,319.664154,50821757
25-02-2021,325.350006,334.700012,323.25,333.149994,331.09317,64514912
26-02-2021,323,332.950012,318.850006,322.950012,320.956146,91901339
01-03-2021,330,331.850006,322.700012,328.299988,326.273102,61190868
02-03-2021,331.100006,347.200012,326.450012,345.75,343.615356,127708761
03-03-2021,348.649994,357,346.5,348.5,346.348389,92006451
04-03-2021,339,345.399994,337.299988,339.200012,337.105835,59863169
05-03-2021,333,337.850006,319.700012,325.149994,323.142548,86738909
08-03-2021,331.75,331.75,318.799988,321.25,319.266632,81925952
09-03-2021,325,328.350006,309.600006,315.200012,313.253998,74702208
10-03-2021,319.5,324.450012,316.700012,321.450012,319.465424,58643853
12-03-2021,325.049988,326.5,314.149994,317.549988,315.589478,48360842
15-03-2021,320,320.399994,310.049988,318.549988,316.583282,45081385
16-03-2021,321,321.899994,315.100006,319.950012,317.97467,39267404
17-03-2021,318.600006,320,304,305.799988,303.912018,47262481
18-03-2021,311,316.600006,299.75,307,305.104614,73731921
19-03-2021,303.5,311,290.200012,308.950012,307.042572,109932681
22-03-2021,306.450012,307.5,300.100006,303.049988,301.178986,56385019
23-03-2021,305,312.25,304,307.399994,305.502136,60240483
24-03-2021,303.549988,305,293.200012,294.450012,292.632111,61523819
25-03-2021,294,294,282.25,285.549988,283.787018,84528317
26-03-2021,290.5,301.399994,290.5,296.399994,294.570038,80924011
30-03-2021,300.5,301.299988,292.700012,297.049988,295.216034,45257233
31-03-2021,299,307.5,297.5,301.799988,299.936707,58569012
01-04-2021,306.75,309.850006,303.049988,307.75,305.849976,44088352
05-04-2021,306.799988,311.700012,297.200012,305.049988,303.166626,66178755
06-04-2021,306.149994,313.799988,304.799988,307.75,305.849976,63031783
07-04-2021,306.75,310.649994,305.100006,307.799988,305.899658,39073986
08-04-2021,307.899994,319.799988,307.5,313.950012,312.011719,62459774
09-04-2021,313.200012,325,312.5,318.200012,316.235504,75462572
12-04-2021,307.850006,307.850006,282.899994,286.549988,284.780853,105342538
13-04-2021,287.25,304.549988,280.549988,302.850006,300.980255,116874853
15-04-2021,303,307.549988,296.5,303.5,301.626251,75262749
16-04-2021,302,315,300.149994,310,308.08609,75330709
19-04-2021,295,304.5,292.799988,301.399994,299.539185,65791784
20-04-2021,307.700012,308.149994,294.200012,298.049988,296.209869,56740291
22-04-2021,294,302.5,292.200012,294.549988,292.731476,61022978
23-04-2021,291,300,290.5,294,292.184875,58158986
26-04-2021,297,299,294.600006,295.399994,293.576233,30583139
27-04-2021,295.700012,302.5,295.100006,301.5,299.63858,35040532
28-04-2021,303.5,309.5,303,305.899994,304.011414,44668126
29-04-2021,308.899994,310,301.25,301.899994,300.036102,36647292
30-04-2021,298.200012,301.299988,292.549988,293.850006,292.035797,36121668
03-05-2021,289.299988,294.75,285,293,291.19104,35376618
04-05-2021,296.350006,299.75,288.049988,289.450012,287.662994,38640006
05-05-2021,293.5,293.899994,288.5,291.5,289.700317,29350536
06-05-2021,291.5,302,290.299988,301.25,299.390106,45032502
07-05-2021,303,305.950012,300.5,302.75,300.880859,41591323
10-05-2021,304.5,315.700012,304,314.850006,312.906158,53260388
11-05-2021,309.549988,320.75,308.100006,315.549988,313.601837,58472304
12-05-2021,318.25,334.75,316.25,326,323.987305,111584920
14-05-2021,329.350006,329.5,310,312.25,310.322205,81305325
17-05-2021,315.399994,323.850006,311.399994,321.100006,319.117554,51162423
18-05-2021,325.950012,336.649994,324,332.450012,330.397491,86153088
19-05-2021,313,322.950012,312.100006,314.450012,312.508636,119407026
20-05-2021,316,316.600006,306.100006,307.700012,305.800293,54043899
21-05-2021,312,315.700012,309.5,313.100006,311.166962,40358753
24-05-2021,314.75,315.799988,310.200012,311.850006,309.924683,31963997
25-05-2021,315.549988,319,313.850006,315.25,313.30368,37382263
26-05-2021,316.100006,320,314.799988,315.5,313.552155,28639717
27-05-2021,317.049988,323.450012,316.549988,318.600006,316.632996,49484106
28-05-2021,322.649994,324.5,316.5,318.75,316.782074,26618815
31-05-2021,318.700012,319.75,312.100006,318.75,316.782074,30917309
01-06-2021,319.200012,325.700012,317.299988,318.100006,316.136108,32595728
02-06-2021,315.950012,324.399994,315.600006,323,321.005829,26323777
03-06-2021,325.299988,327.700012,323.649994,325.649994,323.639465,21408371
04-06-2021,325.149994,336.899994,324.25,334.950012,332.88205,41278749
07-06-2021,339.75,351,339.75,345.5,343.366943,64986814
08-06-2021,346.25,356.649994,337.5,352.75,350.572174,44104954
09-06-2021,356.200012,358.899994,339.75,343.350006,341.230194,59334814
10-06-2021,345.200012,347.850006,342.399994,344.75,342.621552,24351860
11-06-2021,346,352.899994,344.350006,350.75,348.584503,36441967
14-06-2021,350.049988,357.899994,341.100006,355.950012,353.752411,38482142
15-06-2021,355.75,360.75,351.5,352.700012,350.522491,35526159
16-06-2021,350.100006,356,348.100006,349.350006,347.193176,27550588
17-06-2021,348.399994,352.899994,342.25,345.649994,343.515991,29236974
18-06-2021,345.649994,346.899994,329,337.399994,335.316925,49440514
21-06-2021,330.899994,335.799988,326.200012,334.299988,332.236053,29123887
22-06-2021,337.100006,344.299988,336.149994,337.899994,335.813843,26708459
23-06-2021,341,343.25,334.299988,335.25,333.180206,25741628
24-06-2021,335,337.399994,333.350006,334.649994,332.583893,15580223
25-06-2021,335.899994,342.799988,335.899994,339.649994,337.553009,22426352
28-06-2021,340.799988,345,337.549988,342.799988,340.683594,17843975
29-06-2021,342.649994,346.5,339.600006,341.549988,339.441315,22462297
30-06-2021,342,345.350006,338.850006,339.600006,337.503357,18277841
01-07-2021,341.5,347.399994,341.200012,344.25,342.124664,27944816
02-07-2021,345.299988,345.549988,340.5,344.899994,342.77063,18304387
05-07-2021,347.049988,350.100006,344,346.100006,343.963226,18399524
06-07-2021,348,358.200012,311.5,316.899994,314.943481,164083830
07-07-2021,316,319.100006,306.25,317.100006,315.142273,112183313
08-07-2021,314.799988,314.799988,305,306.350006,304.458618,87360324
09-07-2021,305.799988,308.850006,301.850006,306.299988,304.408905,48807214
12-07-2021,310.799988,312,306.100006,307.450012,305.551849,32282319
13-07-2021,310,312.25,308.149994,310.950012,309.030243,25736308
14-07-2021,310,313.299988,308.649994,309.549988,307.638885,21863250
15-07-2021,310.5,312.850006,307.600006,310.25,308.334534,23617599
16-07-2021,311.100006,315.450012,310.5,311.25,309.328369,25148606
19-07-2021,308.950012,310.299988,306,308.850006,306.943207,21346348
20-07-2021,307,308,301.049988,302.149994,300.284576,27672567
22-07-2021,305.5,307.450012,301.049988,302.549988,300.682068,21338361
23-07-2021,300.5,301.899994,295,295.549988,293.725281,33435130
26-07-2021,295,297,291,293.149994,291.340118,27502360
27-07-2021,293,297.649994,288.600006,291.399994,289.600922,55132877
28-07-2021,290,290.899994,283.600006,284.450012,282.693848,36139725
29-07-2021,287.549988,295.399994,287.549988,292.899994,291.091644,57733359
30-07-2021,294,300,293.25,293.950012,292.135193,30589609
02-08-2021,299.149994,299.399994,295.600006,296.850006,295.017303,19273390
03-08-2021,298.5,304.5,297.700012,303.700012,301.824982,31063992
04-08-2021,304.75,306.450012,297.200012,298.149994,296.309265,26186248
05-08-2021,295.5,300.899994,292.75,299.700012,297.849701,20704901
06-08-2021,300.049988,303.399994,297.649994,300.049988,298.19751,16001898
09-08-2021,300.75,304.200012,296.049988,298.100006,296.259583,16985859
10-08-2021,297.899994,300.200012,291,294.200012,292.383636,15173990
11-08-2021,295.299988,297.799988,286.450012,295.450012,293.625946,20802022
12-08-2021,297.299988,307.399994,297.299988,306,304.110809,33652880
13-08-2021,308.799988,311.5,303.049988,307.25,305.353088,34922863
16-08-2021,305.950012,307.850006,303.049988,303.700012,301.824982,14348786
17-08-2021,302.799988,302.799988,292.799988,297.700012,295.86203,25539214
18-08-2021,296.899994,297.75,292.600006,293.350006,291.53891,18004320
20-08-2021,289.5,290.700012,281,283.100006,281.352173,32578752
23-08-2021,287.200012,288.299988,275,276.950012,275.240143,24498294
24-08-2021,278.5,281.5,268.450012,279.799988,278.07254,37589121
25-08-2021,282.799988,289.200012,282.450012,284.399994,282.644135,31538128
26-08-2021,284.850006,287.350006,281.649994,284.299988,282.544739,17864053
27-08-2021,282.899994,286.799988,281.700012,285.75,283.985809,13477390
30-08-2021,290.100006,293.5,289.899994,291.950012,290.147552,17217097
31-08-2021,291.75,291.950012,286.100006,287.299988,285.526245,36951003
01-09-2021,289,297.399994,287.299988,295.25,293.427155,33103168
02-09-2021,295.25,296.299988,291.700012,293.149994,291.340118,14907001
03-09-2021,292.5,296.450012,292,295.549988,293.725281,16594135
06-09-2021,297.5,298.950012,296,297.450012,295.613586,16622865
07-09-2021,297.350006,297.799988,290.899994,294.600006,292.781189,14325904
08-09-2021,293.5,298.799988,291.600006,295.25,293.427155,14920479
09-09-2021,294,303.5,293.549988,298.950012,297.104309,34020970
13-09-2021,299,302,295.5,301.200012,299.340424,16339860
14-09-2021,302.25,307.200012,302.200012,306.100006,304.210175,23234649
15-09-2021,306.100006,313,306.100006,311.950012,310.024078,26808872
16-09-2021,313.399994,315,307.649994,311.649994,309.725891,26249369
17-09-2021,312,315.350006,306,308.600006,306.694733,24972069
20-09-2021,304.899994,310.25,297.299988,298.950012,297.104309,19632688
21-09-2021,298.600006,302.700012,293.100006,301.950012,300.085815,19439330
22-09-2021,303.149994,313.799988,303,310.100006,308.185486,29545253
23-09-2021,313.200012,324,313.200012,321.5,319.515106,52701665
24-09-2021,325.100006,326.950012,316.049988,317.950012,315.98703,28901243
27-09-2021,323.149994,333.600006,323.149994,331.649994,329.602417,56305136
28-09-2021,334,336,324.5,329.299988,327.266937,28497009
29-09-2021,325,333,324,330.25,328.21109,19740150
30-09-2021,331.25,337.899994,329.100006,333.350006,331.291931,30268517
01-10-2021,332.649994,337.299988,325.700012,333.299988,331.242218,29877695
04-10-2021,336.799988,343.25,335.149994,342,339.888519,29553072
05-10-2021,340.450012,351.5,338.850006,344.950012,342.820313,31861985
06-10-2021,347,348.700012,335,336.049988,333.97525,25272592
07-10-2021,341.100006,383,339.25,376.5,374.175537,163238084
08-10-2021,385.899994,397.549988,380,382.950012,380.585724,93728117
11-10-2021,390.149994,420.899994,388,415.75,413.183197,113404983
12-10-2021,423,435.700012,413.600006,420.850006,418.25174,97349265
13-10-2021,462.899994,523.849976,462.899994,506.899994,503.770447,197949387
14-10-2021,530,530,492,497.600006,494.527893,103630901
18-10-2021,507,525,503.600006,509.600006,506.453796,72322623
19-10-2021,512.450012,517.400024,476.049988,481.899994,478.924774,57428637
20-10-2021,481.799988,497,471.25,486.899994,483.893921,55444814
21-10-2021,491.75,510.399994,485.75,508,504.863647,52608672
22-10-2021,509.899994,510.700012,487.399994,490.899994,487.869232,42742785
25-10-2021,493.899994,496,473.25,479.899994,476.937134,33107841
26-10-2021,483.5,510,483.25,508.649994,505.509644,58027770
27-10-2021,505.75,506.549988,496,497.899994,494.825989,30361263
28-10-2021,493.899994,493.899994,478.549988,481.049988,478.080048,25182748
29-10-2021,482,491.600006,467.700012,483.700012,480.713715,31054342
01-11-2021,486.450012,489.700012,469.799988,485.700012,482.701355,34315690
02-11-2021,506.5,510,486.5,487.850006,484.838104,51580720
03-11-2021,483.799988,495,481.600006,484.899994,481.906281,22950198
04-11-2021,489.799988,493.549988,488,489.700012,486.676666,5531940
08-11-2021,493.899994,504.850006,490.25,501.399994,498.304413,31736426
09-11-2021,505,520.650024,503.5,509.649994,506.503479,50458762
10-11-2021,506.25,515.950012,500.200012,510.75,507.59668,26615777
11-11-2021,510,519,501,503.450012,500.341766,29256213
12-11-2021,506.950012,509.549988,497.350006,507.049988,503.919525,20731808
15-11-2021,506.25,514.900024,504.5,505.450012,502.329407,18014977
16-11-2021,506.899994,526.849976,506.200012,519.049988,515.845459,55897781
17-11-2021,520.25,536.700012,520.25,530.150024,526.876953,48463415
18-11-2021,531.450012,534.200012,501.299988,509.700012,506.553192,47197742
22-11-2021,512.25,512.25,478.399994,486.100006,483.098877,40044849
23-11-2021,484.399994,499.350006,477,495.5,492.440826,27553684
24-11-2021,499,501.799988,485.299988,488.649994,485.633118,20915837
25-11-2021,490.799988,495.149994,486.5,492.75,489.707825,15336539
26-11-2021,486,486.75,458,460.200012,457.358795,51787989
29-11-2021,457,470.75,443.100006,461.450012,458.601074,42819150
30-11-2021,466.549988,478,455.649994,458.600006,455.768646,35471800
01-12-2021,467.850006,478.399994,463.549988,475.25,472.315857,28256188
02-12-2021,479.399994,480.450012,471.700012,479.100006,476.14212,21012008
03-12-2021,480,484.700012,477.299988,480.100006,477.135925,20948900
06-12-2021,480.100006,480.899994,466,467.200012,464.315552,17473075
07-12-2021,476.850006,484.899994,471,481.799988,478.825409,21280797
08-12-2021,484.5,495.950012,483.5,493.899994,490.850708,20581817
09-12-2021,498,498.5,489.549988,493.950012,490.900421,16951593
10-12-2021,487.75,496.799988,486.549988,494.450012,491.397339,14567815
13-12-2021,499.450012,506.399994,494.200012,495.350006,492.291748,21921272
14-12-2021,491.950012,491.950012,483.299988,489.399994,486.378479,17722547
15-12-2021,487.799988,497.700012,487.25,491.649994,488.614594,16263723
16-12-2021,495,496.5,487.399994,491.950012,488.91275,13581352
17-12-2021,488,488.850006,468.200012,470.200012,467.297058,27341178
20-12-2021,459.899994,460,440,447.049988,444.289978,33007516
21-12-2021,452.100006,460.899994,449.850006,453.600006,450.79953,18838054
22-12-2021,458.149994,472.149994,458.149994,470.5,467.595215,22730750
23-12-2021,476,478,470.950012,472.350006,469.433777,12116814
24-12-2021,474.899994,474.899994,460,467.600006,464.713104,15487368
27-12-2021,465.700012,472.450012,460.100006,471.149994,468.24118,12557565
28-12-2021,475.200012,482.799988,472.649994,480.200012,477.235321,22860916
29-12-2021,478.75,481.600006,474.25,476,473.061218,10263884
30-12-2021,472.549988,476.399994,468.600006,470.399994,467.495819,11923961
31-12-2021,472.700012,483.600006,471.850006,482.399994,479.421722,15541446
03-01-2022,493.5,500.850006,492,497.600006,494.527893,32748423
04-01-2022,496.799988,499,484.049988,489.600006,486.577271,24100985
05-01-2022,486.950012,492.75,483.549988,489.75,486.726349,15420105
06-01-2022,481.5,492.950012,477.100006,488.850006,485.831909,16563230
07-01-2022,490.049988,495.5,483.75,490.600006,487.571075,15532165
10-01-2022,493.100006,504.899994,491.299988,503.700012,500.59024,25193771
11-01-2022,503,507.899994,498.149994,501.299988,498.205017,16269193
12-01-2022,505.850006,511.850006,503.5,507.25,504.118286,16255334
13-01-2022,504,513.799988,494.799988,511.950012,508.789276,27572553
14-01-2022,509,515.400024,505.649994,509.899994,506.751953,12655602
17-01-2022,514.799988,526.900024,512,525,521.758728,27942414
18-01-2022,527.900024,528.5,507.149994,510.799988,507.646362,19353195
19-01-2022,510,522.200012,504.799988,520.849976,517.634338,21799071
20-01-2022,519.950012,523.200012,512,515.700012,512.516174,18364451
21-01-2022,510.399994,513.849976,494.25,501.850006,498.751648,17946821
24-01-2022,499.700012,504.299988,473.350006,478.450012,475.496124,25228959
25-01-2022,473.799988,492.5,467.649994,490.549988,487.521362,22565698
27-01-2022,480.75,502.700012,476.600006,494.399994,491.347626,26676094
28-01-2022,500.5,509.350006,495.299988,497.299988,494.229706,21784640
31-01-2022,505,520,498.200012,517.75,514.553467,27306578
01-02-2022,508,514.75,493,504.299988,501.186493,48030231
02-02-2022,508.600006,514.450012,505.149994,506.399994,503.27356,14311040
03-02-2022,509.100006,514.299988,502.850006,504.5,501.385284,15249245
04-02-2022,503.799988,507.799988,499,500.600006,497.509338,12663199
07-02-2022,502.899994,504.350006,492.5,494.600006,491.546387,13392910
08-02-2022,498,498.5,479.149994,492.75,489.707825,23378623
09-02-2022,496.5,503.700012,494.700012,501.25,498.155334,12430730
10-02-2022,506.700012,510.5,504.200012,507.450012,504.317078,14537945
11-02-2022,503.25,507,497,498.850006,495.770172,13534899
14-02-2022,487,488.5,468.799988,471.450012,468.539337,22157389
15-02-2022,476.149994,505.5,467.299988,504,500.888336,30623088
16-02-2022,504,507.899994,496.600006,498.450012,495.37265,20176993
17-02-2022,505.899994,511.5,498.299988,499.950012,496.863373,27943077
18-02-2022,498,502.649994,491.5,493.149994,490.105347,15476803
21-02-2022,490.149994,500.399994,486.100006,494.450012,491.397339,22592161
22-02-2022,480.549988,486.299988,471.450012,478.25,475.297333,27957544
23-02-2022,481.75,485.399994,475.299988,477,474.055054,17703998
24-02-2022,455.950012,461.549988,405.450012,427.950012,425.307892,57265685
25-02-2022,444.850006,465.700012,441.600006,459.75,456.91156,48876182
28-02-2022,445,457.350006,440.450012,454.049988,451.246735,34475468
02-03-2022,452.950012,454.25,444.549988,447.600006,444.836578,25791134
03-03-2022,458.5,458.5,435,437.100006,434.401428,29599672
04-03-2022,431.850006,431.850006,414.75,417.25,414.67395,38765185
07-03-2022,401.75,401.75,387.5,394,391.567474,44836205
08-03-2022,390.5,395.450012,376.350006,391.75,389.33136,55543383
09-03-2022,394.950012,409.25,389.5,405.899994,403.394012,48376222
10-03-2022,427,434.950012,414,419.600006,417.00946,59776817
11-03-2022,413.600006,421.149994,407.399994,418.149994,415.56839,51510243
14-03-2022,418.75,419,404,411.700012,409.158234,40721277
15-03-2022,409.850006,424.200012,408,413.649994,411.096191,47706136
16-03-2022,427.049988,428.549988,420.700012,424.899994,422.276703,27191170
17-03-2022,432,435.700012,429.549988,433.799988,431.121735,26704541
21-03-2022,435.5,436.299988,427.100006,427.950012,425.307892,18270995
22-03-2022,428.100006,441.450012,421.200012,440.350006,437.631348,30441493
23-03-2022,443.5,447,434.600006,435.799988,433.109406,25466395
24-03-2022,430,435.399994,427.549988,433.200012,430.525482,17109723
25-03-2022,437,437,427.649994,432.100006,429.432281,15104414
28-03-2022,432,434.950012,426.5,432.700012,430.028564,16757901
29-03-2022,436,439.350006,431.399994,433.700012,431.0224,18710736
30-03-2022,438.450012,442.5,434.25,435.649994,432.960358,18149488
31-03-2022,436,438.299988,432.600006,433.75,431.072083,14248045
01-04-2022,434,442.25,430.850006,441.149994,438.426361,19380324
04-04-2022,444.399994,449.5,441.299988,446.75,443.991821,18657201
05-04-2022,450,461.899994,448.299988,458.049988,455.222046,28530470
06-04-2022,455.899994,462.700012,452.600006,456.149994,453.333771,24974477
07-04-2022,456.5,459.100006,448.5,449.5,446.724854,19950241
08-04-2022,450,456.25,449.700012,452.049988,449.259064,16315704
11-04-2022,457,458.899994,451,452.049988,449.259064,14339854
12-04-2022,450.799988,450.799988,435,438.299988,435.593994,22698696
13-04-2022,441.799988,442.850006,430.100006,431.049988,428.388733,16817981
18-04-2022,430,436.350006,423.649994,433.799988,431.121735,15298361
19-04-2022,436.75,440.25,417,424.950012,422.326416,12669041
20-04-2022,431,441.700012,428.25,440.549988,437.830078,19639290
21-04-2022,444.5,449.350006,441.049988,448.049988,445.283783,14124872
22-04-2022,442.049988,447.25,438,438.850006,436.140594,14362036
25-04-2022,432.75,436,423.149994,425.149994,422.525146,14729009
26-04-2022,433.899994,437.450012,431.600006,434.899994,432.214966,13577513
27-04-2022,429.25,432.950012,425.100006,430.25,427.593689,13701069
28-04-2022,434.799988,439.200012,430.799988,436.049988,433.357849,13875650
29-04-2022,440.200012,447.75,436,437.600006,434.898315,21991752
02-05-2022,437.950012,442.950012,428.5,432.850006,430.177643,18945234
04-05-2022,437.950012,440.600006,420.700012,423.5,420.885376,14934742
05-05-2022,429,434,423.700012,426.299988,423.66806,12240729
06-05-2022,418.850006,420.200012,407,408.549988,406.027649,25142225
09-05-2022,407.149994,407.399994,395,403.950012,401.456055,18076956
10-05-2022,400,408.5,389.600006,391.75,389.33136,16540303
11-05-2022,396,397,377.549988,388.149994,385.753601,29215175
12-05-2022,382,384.649994,366.200012,372.299988,370.001465,33511538
13-05-2022,387,419.350006,387,404.299988,401.803894,71425747
16-05-2022,411.899994,411.899994,396.25,405.350006,402.847412,24938704
17-05-2022,408.399994,425.649994,405,424.149994,421.531342,24651585
18-05-2022,424,427.350006,414.049988,415.149994,412.586884,20490516
19-05-2022,400,406.799988,396.200012,398.649994,396.188782,17706724
20-05-2022,410,421.399994,410,418,415.419312,23504236
23-05-2022,421.649994,431.149994,419.549988,421.450012,418.848022,16345308
24-05-2022,423.899994,427.5,416,425.75,423.12149,14525617
25-05-2022,428.450012,429,413.450012,417,414.425507,13540006
26-05-2022,422,422.649994,405,420.649994,418.052948,17712299
27-05-2022,426.049988,433.25,425.200012,429.600006,426.947723,16867431
30-05-2022,437,445.200012,436,442.399994,439.668671,18500266
31-05-2022,443.950012,449.5,440.399994,443.549988,440.811554,22308219
01-06-2022,445.100006,446,439.600006,444.600006,441.855072,11930669
02-06-2022,445,445.600006,435.649994,439.149994,436.438721,12742438
03-06-2022,444.899994,445.049988,430.5,431.899994,429.23349,12780122
06-06-2022,427.899994,433.950012,424.600006,432.350006,429.680725,11896105
07-06-2022,432.5,438.200012,429.100006,435.850006,433.159119,11153869
08-06-2022,438.700012,440.399994,432,435.649994,432.960358,12844475
09-06-2022,431.899994,435.649994,426.100006,428.5,425.854492,13043367
10-06-2022,423,428.850006,422,428.049988,425.407257,11914234
13-06-2022,414.899994,418.149994,405.600006,406.700012,404.189087,17442641
14-06-2022,403,411.850006,397.700012,405.149994,402.648621,19626627
15-06-2022,410,416.399994,407.450012,414.100006,411.543396,15192826
16-06-2022,420,420.899994,390.100006,392.950012,390.523987,22261032
17-06-2022,387.950012,394.450012,382.649994,388.950012,386.548676,24824899
20-06-2022,390.549988,392.950012,376.649994,382.700012,380.33728,17049013
21-06-2022,389,399,387,397.600006,395.145294,14743366
22-06-2022,396.399994,397,390.5,393.100006,390.673035,12426604
23-06-2022,396.299988,409.899994,394.549988,407.200012,404.686005,26514004
24-06-2022,410,412.850006,406.149994,409.299988,406.77301,14806456
27-06-2022,417.549988,419.450012,412.350006,414.5,411.940918,12018949
28-06-2022,411.299988,418.200012,409.149994,417.100006,414.524872,13238339
29-06-2022,412.049988,419.899994,411.549988,416.950012,414.375824,13104313
30-06-2022,418.299988,424,410,411.799988,409.257568,20121916
01-07-2022,410.649994,414.600006,402.299988,412.700012,410.152039,14725989
04-07-2022,411.549988,414.899994,405,408.450012,405.928284,11525133
05-07-2022,415,418.799988,410.200012,412,409.45636,16771012
06-07-2022,414,417.299988,410.649994,416.350006,413.77951,12196920
07-07-2022,419.899994,432.950012,419.299988,430.850006,428.190002,17616800
08-07-2022,436.25,443.850006,429.299988,441.549988,438.823914,23730027
11-07-2022,438.049988,441.200012,433.450012,437.049988,434.351715,12619654
12-07-2022,433,435,428.149994,430.549988,427.891815,9518822
13-07-2022,432.700012,435.850006,425.649994,427.100006,424.463135,10181698
14-07-2022,428,431.25,423.299988,428.049988,425.407257,10744547
15-07-2022,430.649994,441.75,429.700012,440.200012,437.482269,15774084
18-07-2022,443.950012,453.799988,443.200012,450.899994,448.11618,21185764
19-07-2022,446.75,451.850006,444.450012,449.049988,446.277618,11553440
20-07-2022,454.350006,460.75,451.75,453.450012,450.650452,17154184
21-07-2022,452.950012,455.5,450.100006,454.850006,452.041809,10931800
22-07-2022,456.600006,459.950012,452.299988,454.899994,452.091492,10340910
25-07-2022,456,457.600006,446.299988,449.549988,446.774506,12505062
26-07-2022,448.700012,448.700012,439.75,441.149994,438.426361,11563528
27-07-2022,441.149994,445,436.100006,444.049988,441.308472,10081023
28-07-2022,440.25,449.25,427.399994,442.25,439.519592,36380444
29-07-2022,445.149994,452.700012,445.149994,449.600006,446.824219,16004096
01-08-2022,451.950012,481,451.049988,479.200012,476.241486,43084536
02-08-2022,478.899994,479.899994,469.25,476.25,473.309692,19065689
03-08-2022,475,476.25,459.600006,467.799988,464.911865,19125906
04-08-2022,473.149994,473.950012,456.450012,468.899994,466.005066,18540405
05-08-2022,468.899994,472.899994,464,465.25,462.377594,11917799
08-08-2022,466,471.899994,464.450012,468.25,465.35907,10561754
10-08-2022,470,477.200012,463.350006,475.549988,472.613983,13360759
11-08-2022,482.549988,485,475.600006,476.649994,473.707214,12777503
12-08-2022,475.75,481.450012,470,477.549988,474.601654,13482890
16-08-2022,479.600006,491.399994,478.200012,489.850006,486.825745,16796376
17-08-2022,490.899994,494.399994,484.200012,485.399994,482.403198,15948755
18-08-2022,484,486.799988,479.25,484.799988,481.806885,12070974
19-08-2022,486.75,488.100006,468.100006,471,468.092102,16636593
22-08-2022,468.5,468.950012,452.549988,454.600006,451.793335,15050653
23-08-2022,449,462.100006,447.600006,460.450012,457.607269,17779238
24-08-2022,459,464.899994,457.700012,463.200012,460.34024,12214113
25-08-2022,466,468.799988,457.399994,459.200012,456.36496,11255809
26-08-2022,465,470.450012,463.950012,465.049988,462.178833,11252560
29-08-2022,451,456.899994,450.149994,453.350006,450.551056,11647725
30-08-2022,458.649994,472.399994,457.100006,471.100006,468.191498,14421066
01-09-2022,462.5,474.399994,462.149994,466.899994,464.017395,13385159
02-09-2022,470.850006,471.799988,460.149994,461.75,458.899231,10806707
05-09-2022,459.75,463.950012,457,459,456.166199,9378108
06-09-2022,462.700012,463.700012,456.600006,457.75,454.92392,9805875
07-09-2022,453.200012,456.5,443.649994,445.850006,443.097351,20764508
08-09-2022,452.450012,452.549988,440,442.200012,439.46991,19336014
09-09-2022,447.5,449.649994,440.600006,445.899994,443.147034,14294289
12-09-2022,447.700012,453,447,451,448.215576,8962633
13-09-2022,454.299988,458.950012,453.549988,456.799988,453.979767,10661280
14-09-2022,447.600006,454.700012,447,450.200012,447.420532,10360461
15-09-2022,452.399994,455.850006,446.049988,447.25,444.488708,10356713
16-09-2022,446,446.399994,429.100006,432.5,429.829773,20992324
19-09-2022,431.5,431.600006,424.049988,425.450012,422.823334,15236142
20-09-2022,430.600006,443.350006,430.600006,434.25,431.569,17557661
21-09-2022,433.950012,436,425.5,427.649994,425.009735,10831068
22-09-2022,425,434.600006,422.549988,432.200012,429.531677,13600786
23-09-2022,431.899994,431.899994,420.549988,423.100006,420.487823,13441609
26-09-2022,416,417.899994,393.149994,397.5,395.045898,33230938
27-09-2022,403.899994,404,390.350006,398.799988,396.33786,21932747
28-09-2022,394.899994,406.600006,392.850006,399.100006,396.635986,18114880
29-09-2022,411,413.25,399.600006,402.25,399.766571,20725995
30-09-2022,398,408.25,392.5,404.600006,402.102051,20951277
03-10-2022,405.5,406.549988,395.5,397.649994,395.194946,20332430
04-10-2022,406,408.950012,402.899994,407.899994,405.381653,12761425
06-10-2022,409.600006,417.649994,409.5,414.100006,411.543396,12771199
07-10-2022,413.399994,414,408.700012,412.149994,409.605438,10670854
10-10-2022,403.399994,403.399994,393.049988,395.950012,393.505463,32914630
11-10-2022,397,399.5,391.299988,393.350006,390.921509,14641301
12-10-2022,394.549988,398.200012,391.100006,396.549988,394.101715,14287344
13-10-2022,396.549988,403.5,394.549988,399,396.536621,12584114
14-10-2022,407,409.200012,395.299988,396.25,393.803619,12875470
17-10-2022,394,398.899994,392.5,396.100006,393.654541,9543556
18-10-2022,401,406.700012,400.700012,404.25,401.754211,14215544
19-10-2022,406.200012,406.950012,397.299988,399.049988,396.586273,8648435
20-10-2022,397,399.899994,393.100006,398.100006,395.642181,10747183
21-10-2022,397,402.25,394.700012,398.049988,395.592468,10279618
24-10-2022,406,406,400.149994,401.600006,399.120575,2871205
25-10-2022,404.350006,410.5,403.200012,404.549988,402.052338,17979661
27-10-2022,408.549988,411.700012,404,407.700012,405.182922,14614841
28-10-2022,408,411.200012,406.100006,409.899994,407.369324,12488938
31-10-2022,414.350006,416.299988,411.600006,412.75,410.201721,9928218
01-11-2022,414.899994,422.399994,412.799988,421.350006,418.748627,17324893
02-11-2022,423.049988,425.100006,420.149994,422.149994,419.543701,12433578
03-11-2022,419.399994,423.299988,414.5,416.25,413.680115,10987519
04-11-2022,418.200012,426,416.899994,425.350006,422.723938,12277023
07-11-2022,428.25,437.5,428.25,435,432.314362,15058076
09-11-2022,439.200012,441.200012,432,433.149994,430.475769,14471443
10-11-2022,420.5,420.549988,409.200012,412.200012,409.655151,26251660
11-11-2022,420,425.5,414.700012,423.5,420.885376,19296401
14-11-2022,424,437.700012,423.5,433.700012,431.0224,17996083
15-11-2022,434.899994,438.5,434.100006,437.149994,434.45108,10696024
16-11-2022,436.950012,438.200012,429.600006,431.549988,428.885651,8206169
17-11-2022,422,427.549988,419.600006,423.149994,420.537506,15621809
18-11-2022,424,426.450012,421.149994,423.799988,421.183472,9851962
21-11-2022,425.600006,427.600006,420,421.100006,418.500183,9497812
22-11-2022,421,426.399994,420.5,424.700012,422.077972,6407614
23-11-2022,426.850006,429.299988,422.850006,424.049988,421.431946,6568241
24-11-2022,424.5,425.25,420.700012,423.399994,420.78598,6768613
25-11-2022,425,435.149994,424,433.200012,430.525482,18764073
28-11-2022,435,440.350006,432.399994,433.25,430.575165,10701208
29-11-2022,432.5,437.899994,429.549988,433.149994,430.475769,8630105
30-11-2022,435,441,433.299988,439.399994,436.687195,14727892
01-12-2022,443,443.600006,436.850006,438.25,435.544312,8909310
02-12-2022,439,441.149994,435,435.399994,432.711884,8352658
05-12-2022,435.5,437.5,427.799988,428.75,426.102936,12857807
06-12-2022,428.799988,431.350006,425.350006,427.100006,424.463135,8461831
07-12-2022,428,428,419.100006,420.100006,417.506348,12133315
08-12-2022,421,421.399994,415.350006,417.200012,414.624268,9539923
09-12-2022,419.299988,420.950012,409.549988,413.299988,410.748322,9920219
12-12-2022,412,416.899994,408,414.149994,411.593079,8009229
13-12-2022,419.950012,421.5,417.25,418.5,415.916229,9717894
14-12-2022,420.549988,421.350006,417.350006,417.899994,415.319916,6314883
15-12-2022,418.850006,422.799988,415.700012,416.700012,414.12735,7542601
16-12-2022,417.350006,427.799988,413.100006,421.600006,418.997101,50949198
19-12-2022,421.899994,422.850006,415.5,418,415.419312,9809103
20-12-2022,418,418,408,410.5,407.965607,12341042
21-12-2022,412.600006,414.399994,401,402.600006,400.11438,11606059
22-12-2022,404.100006,404.700012,390.200012,394.450012,392.014709,14908929
23-12-2022,390,390,377,378.350006,376.014099,19902886
26-12-2022,380.25,390.700012,375.200012,384.799988,382.424286,16979026
27-12-2022,390,397.450012,388.5,394.149994,391.716553,14372461
28-12-2022,394,395.899994,390.399994,391.299988,388.884155,8443917
29-12-2022,389,390,383.049988,385.899994,383.517487,15627403
30-12-2022,391,392.200012,387,387.950012,385.55484,9198673
02-01-2023,392.5,396,391,394.799988,392.362549,10501357
03-01-2023,396,398.350006,393,393.899994,391.468079,9431220
04-01-2023,394.799988,394.799988,385,385.600006,383.21936,16121049
05-01-2023,387.899994,388.75,382.5,386.899994,384.511322,10443908
06-01-2023,386.100006,388.399994,381,382,379.641571,8715469
09-01-2023,386.350006,392.700012,385,389.450012,387.045593,14693099
10-01-2023,400,417.75,400,412.899994,410.3508,54021379
11-01-2023,415.75,420,413.549988,418.200012,415.618103,22224361
12-01-2023,420.299988,420.5,410.049988,412.25,409.704834,12479034
13-01-2023,413,416.350006,408,411.5,408.959442,10449630
16-01-2023,413.5,414.899994,407.600006,413,410.450195,11462140
17-01-2023,413,419.450012,412.5,415.299988,412.735962,12337969
18-01-2023,415.899994,415.950012,407.450012,408.399994,405.878571,13310316
19-01-2023,406.5,407.799988,400.100006,400.75,398.275818,13126520
20-01-2023,404,412.5,401.200012,403.149994,400.66098,23906114
23-01-2023,407,410.950012,405,408.399994,405.878571,13113183
24-01-2023,410,424,410,422.149994,419.543701,30197475
25-01-2023,423.75,427.25,417.700012,419.049988,416.46283,22975581
27-01-2023,438,453.399994,435.149994,445.600006,442.848938,63360467
30-01-2023,445.600006,450,437.649994,443.649994,440.91095,18316743
31-01-2023,443.700012,454.799988,440.899994,452.100006,449.308777,25154475
01-02-2023,456.799988,461.5,437.649994,446.649994,443.892426,23798589
02-02-2023,446.75,449.200012,440.700012,444.799988,442.053833,11344554
03-02-2023,447,450.799988,442.350006,445.450012,442.69986,13067403
06-02-2023,444.450012,447,439.549988,442,439.271149,6795084
07-02-2023,441.700012,443.399994,432.899994,435.450012,432.761597,9023645
08-02-2023,435.450012,441,431.549988,440.100006,437.382874,8668267
09-02-2023,440,440.700012,433.549988,436.75,434.053558,7349418
10-02-2023,437.950012,447.799988,431.200012,445.850006,443.097351,14798390
13-02-2023,445.5,446.899994,438.899994,441.049988,438.326996,8333767
14-02-2023,442,444.299988,434.399994,440.549988,437.830078,8565559
15-02-2023,438.5,444.899994,438.149994,444.149994,441.407867,9857016
16-02-2023,445,448.25,440.5,441.600006,438.873627,7670688
17-02-2023,436,442.450012,436,439.899994,437.184082,6955445
20-02-2023,441.799988,445.299988,436.25,443,440.264984,9717197
21-02-2023,445.200012,445.200012,435.25,436.5,433.805084,8957930
22-02-2023,435.299988,435.850006,428.25,429.450012,426.798645,7209130
23-02-2023,428.649994,436.450012,427.200012,433.200012,430.525482,9278920
24-02-2023,435.399994,436.700012,427,427.75,425.109131,7895024
27-02-2023,427.75,428.049988,413.049988,417.950012,415.369629,10438928
28-02-2023,419,424.799988,419,420.700012,418.102661,9652088
01-03-2023,421.5,428,421.5,426,423.369934,7595114
02-03-2023,426,426.25,419.549988,420.450012,417.854187,5661103
03-03-2023,422.600006,430.5,421.950012,428,425.357574,8027522
06-03-2023,430.950012,441.450012,430,440.100006,437.382874,11307064
08-03-2023,439,441.25,436.100006,439.299988,436.587799,7850052
09-03-2023,439.100006,442.049988,431.299988,432.200012,429.531677,5696737
10-03-2023,433,437.799988,430.799988,435.850006,433.159119,10417015
13-03-2023,436.100006,437,419.100006,422.399994,419.792145,8780169
14-03-2023,422.850006,424.200012,413.399994,416.649994,414.077637,9189043
15-03-2023,422,425,410.100006,411.350006,408.810364,7681009
16-03-2023,413.299988,418.5,405,415.700012,413.133545,11854885
17-03-2023,419,423.450012,414.549988,419,416.413147,8658701
20-03-2023,415.600006,416.950012,405.5,410.75,408.214081,10075022
21-03-2023,412.850006,413.899994,407.700012,412.549988,410.00293,7391950
22-03-2023,416,418.399994,413.75,416.100006,413.531067,5728054
23-03-2023,416,422.5,416,419.149994,416.562195,9817460
24-03-2023,419,420.549988,414.799988,416.5,413.928558,6877960
27-03-2023,416,418.5,410.25,412.049988,409.506042,7433933
28-03-2023,414.149994,414.5,400.450012,401.600006,399.120575,9553659
29-03-2023,401.600006,410.600006,401.600006,409.200012,406.673645,10478506
31-03-2023,411.350006,421.75,411,420.799988,418.202026,11037881
03-04-2023,423,424.950012,419.5,424.25,421.630737,6948329
05-04-2023,424.25,428.75,423.149994,426.549988,423.916504,8821326
06-04-2023,426.5,439.299988,423.75,437.649994,434.947998,10907492
10-04-2023,452.049988,473.299988,452,461.299988,458.451965,50462653
11-04-2023,463.75,463.75,455.799988,458.700012,455.868042,14495222
12-04-2023,459.350006,468.600006,458.200012,465.5,462.626068,13552440
13-04-2023,464.950012,472,463.25,469.5,466.601349,12733670
17-04-2023,471,473,465.799988,472.149994,469.234985,10710167
18-04-2023,475,483.350006,468.100006,473,470.079773,16140056
19-04-2023,473,475.5,467.850006,469.399994,466.501953,7368610
20-04-2023,473.700012,479.700012,469.399994,476.799988,473.856262,14264206
21-04-2023,476.700012,476.700012,467.200012,471.200012,468.290863,8478118
24-04-2023,471.200012,476,468.299988,475.200012,472.266174,8020593
25-04-2023,475.200012,476.399994,471.899994,473.549988,470.626343,6888352
26-04-2023,473,479.5,472.600006,478.200012,475.24765,7791425
27-04-2023,478.5,482,476.5,481.600006,478.626678,7085793
28-04-2023,481.399994,488,478.350006,484.950012,481.955994,9947813
02-05-2023,482.5,484,474.549988,480.25,477.285004,11542592
03-05-2023,480.25,485.100006,477.75,483.700012,480.713715,8529233
04-05-2023,483.600006,486.399994,478.75,480.799988,477.831573,5650101
05-05-2023,481.649994,484.700012,476.149994,477.100006,474.154449,4830674
08-05-2023,480,502.299988,478.100006,500.5,497.409973,23515333
09-05-2023,502,512.799988,501.549988,503.649994,500.540527,19818780
10-05-2023,508,512.900024,504.350006,509.5,506.354401,12481404
11-05-2023,512,514.150024,505.5,511.600006,508.441437,11454020
12-05-2023,513.900024,520.5,510.299988,515.950012,512.764587,19766717
15-05-2023,523.849976,537.150024,521.5,530.849976,527.572571,38270067
16-05-2023,533.950012,535.950012,518.849976,521.150024,517.932495,16514882
17-05-2023,522.5,523.950012,512.5,515.5,512.317383,13684847
18-05-2023,518.799988,520.900024,507.100006,508.450012,505.310913,12293322
19-05-2023,509.799988,526.400024,504.75,524.950012,521.708984,19343560
22-05-2023,524.950012,527,519.349976,522.5,519.27417,9978339
23-05-2023,522.5,531,521.150024,528.5,525.237061,12256902
24-05-2023,527.150024,529.650024,519.150024,520.200012,516.988403,7648284
25-05-2023,518,518,509.100006,514.849976,511.671326,11543712
26-05-2023,514.900024,519.75,512.200012,518.450012,515.249146,8360570
29-05-2023,525,525.099976,519.700012,521.450012,518.230652,6596504
30-05-2023,521.450012,523.5,518,518.799988,515.596985,5134688
31-05-2023,519.950012,527.5,516.400024,526.299988,523.050659,12327284
01-06-2023,527.5,536.25,522.849976,535.200012,531.895752,12511265
02-06-2023,537,541.25,532.75,535.900024,532.591431,12294728
05-06-2023,539,548.799988,537.900024,546.25,542.877563,15008325
06-06-2023,549.450012,557,545.349976,555.75,552.318848,15395092
07-06-2023,558.799988,575,552.150024,567.950012,564.443542,20855239
08-06-2023,570,576.549988,557,559.700012,556.244507,21527339
09-06-2023,564.400024,566.450012,559.299988,562.299988,558.82843,9361533
12-06-2023,567,568.900024,560.650024,564.150024,560.666992,7599572
13-06-2023,567.700012,571.049988,560.75,562.200012,558.729065,12845897
14-06-2023,566,571.200012,564,570.299988,566.778992,12713256
15-06-2023,571.799988,575,567.75,568.450012,564.940491,12475759
16-06-2023,569.650024,572.200012,566.049988,569.799988,566.282104,8736313
19-06-2023,570.650024,573.200012,564.200012,566.049988,562.555298,6280388
20-06-2023,566.049988,583.950012,562.5,583.25,579.649109,18074902
21-06-2023,584.950012,585.900024,574.5,581.400024,577.810547,9146332
22-06-2023,584,584.700012,568.200012,569.349976,565.834839,11229179
23-06-2023,570,571.150024,557.700012,559.650024,556.194824,9362695
26-06-2023,560,569,557.799988,567.849976,564.344116,6986621
27-06-2023,570,576.900024,568.450012,573.099976,569.561707,9404450
28-06-2023,579,590,575.5,586.650024,583.028076,16720940
30-06-2023,588.349976,599,588,595.549988,591.873169,12488047
03-07-2023,600,602.299988,590,590.799988,587.152466,11131048
04-07-2023,594.400024,596.400024,589.5,591.450012,587.798462,6917886
05-07-2023,592,593,584.950012,588.25,584.618225,8715919
06-07-2023,590.799988,604.950012,588.549988,600.799988,597.090698,14356681
07-07-2023,600,624.799988,592.200012,618.200012,614.383301,21066726
10-07-2023,624,634.799988,617.549988,618.650024,614.830505,23802524
11-07-2023,624.950012,630.450012,622.150024,628.5,624.61969,12051173
12-07-2023,629.950012,630.799988,619.349976,621.450012,617.61322,10785502
13-07-2023,625,626.5,615.5,620.650024,616.818237,9689708
14-07-2023,623,626,619.5,624.900024,621.041931,7010179
17-07-2023,626.900024,627,617.150024,618.5,614.681458,7580645
18-07-2023,620.400024,620.849976,607,612.099976,608.320984,10359400
19-07-2023,614,625.299988,610.150024,620.599976,616.768433,11128348
20-07-2023,622.650024,623.599976,616.200012,621.650024,617.812012,7834891
21-07-2023,621,631,617.700012,625.75,621.886719,12914610
24-07-2023,627.950012,634.450012,626.25,629.25,625.365051,12247844
25-07-2023,636,642.5,633.349976,639.450012,635.502136,13988137
26-07-2023,640,665.400024,639,641.099976,637.141907,31673714
27-07-2023,647,648.450012,636.75,643.700012,639.725891,11696851
28-07-2023,646,646,631.799988,635.299988,633.34552,9299530
31-07-2023,640.200012,645.549988,635.900024,644.299988,642.317871,7502361
01-08-2023,645,652.900024,642,643.650024,641.669861,8924219
02-08-2023,644,644.299988,616.450012,622.650024,620.734497,15762687
03-08-2023,623,626.450012,614.150024,618.950012,617.045837,11458920
04-08-2023,624.849976,625,613.299988,615,613.107971,11806739
07-08-2023,619,619,608.5,609.5,607.624939,9893466
08-08-2023,612.549988,614.75,605.25,607.299988,605.431641,8863640
09-08-2023,610.599976,624,605.349976,622.549988,620.634766,13362350
10-08-2023,623,628.299988,598,618.25,616.348022,53116980
11-08-2023,619.75,624.75,610,611.799988,609.917847,9347707
14-08-2023,612,612,594.5,607.349976,605.481506,14492164
16-08-2023,606.700012,621.349976,597.299988,618.75,616.846436,14562074
17-08-2023,620,622,611,613.75,611.861816,12119293
18-08-2023,612.799988,620.099976,610.900024,615.799988,613.905518,11190760
21-08-2023,617,623.299988,614.799988,620.5,618.591064,9580365
22-08-2023,621.799988,626.5,618.599976,620.200012,618.291992,8534395
23-08-2023,622.75,622.75,613.150024,613.900024,612.011414,8248333
24-08-2023,618,619,609.650024,610.950012,609.070435,7096025
25-08-2023,610.849976,616.700012,593.299988,605.099976,603.238403,16075509
28-08-2023,605.400024,608.5,601.549988,602.400024,600.546753,7479254
29-08-2023,603.599976,610.5,603.599976,607.150024,605.282166,6956667
30-08-2023,611.200012,612.900024,605,605.549988,603.687073,5676055
31-08-2023,608.799988,609.650024,599.049988,601,599.151062,10544271
01-09-2023,604.200012,614.900024,601.900024,611.200012,609.319702,10297492
04-09-2023,615.599976,615.599976,606,609,607.126465,8392665
05-09-2023,610,618.900024,608.049988,611.150024,609.269836,8560651
06-09-2023,611.150024,612.549988,605.599976,610.25,608.37262,6520064
07-09-2023,610.900024,616.5,609.049988,614.900024,613.008301,6520293
08-09-2023,617.950012,628.900024,614.200012,627.25,625.320313,16190749
11-09-2023,634.650024,635.400024,630.5,634.849976,632.896912,8780510
12-09-2023,638,639,615.25,620.799988,618.890137,12541377
13-09-2023,621,628.5,619.549988,625.900024,623.974487,6988358
14-09-2023,628.099976,630.799988,623.299988,624.599976,622.678406,5722295
15-09-2023,628.700012,636.5,627.150024,634.25,632.298767,18917805
18-09-2023,635.900024,644.200012,633.150024,640.650024,638.679077,11108349
20-09-2023,640.700012,647,637,638.5,636.535706,11777925
21-09-2023,638.5,641.700012,624,627.049988,625.120911,9266854
22-09-2023,628,630.799988,619,620.450012,618.54126,6551917
25-09-2023,623.849976,625.200012,617.900024,618.700012,616.796631,6390681
26-09-2023,618.700012,625.700012,617.950012,619.799988,617.893188,6271108
27-09-2023,619.950012,621.900024,616.75,620.150024,618.242188,5960490
28-09-2023,622.900024,623.799988,612.25,614.099976,612.210754,6768196
29-09-2023,618.700012,633,617,630.200012,628.26123,8969405
03-10-2023,632.599976,632.650024,618.599976,620.450012,618.54126,6894577
04-10-2023,620.799988,620.799988,608.299988,613.599976,611.71228,7612709
05-10-2023,619,621.349976,614.650024,619.599976,617.693787,7893892
06-10-2023,627,627.349976,620,622.450012,620.535095,7922379
09-10-2023,620.799988,622,613.700012,617.349976,615.450745,6381189
10-10-2023,620,632.5,617.599976,630.549988,628.610168,9833429
11-10-2023,633,637.799988,632.599976,634,632.049561,7701931
12-10-2023,637,640.200012,635.049988,636.950012,634.990479,5928732
13-10-2023,633.950012,669,633,667.099976,665.047668,28011678
16-10-2023,668.549988,677.799988,661.25,666.200012,664.150513,20005816
17-10-2023,670,670.900024,654.650024,655.700012,653.6828,10263992
18-10-2023,658.599976,672.25,653.799988,668.5,666.44342,14908778
19-10-2023,662.950012,672.299988,658.599976,668.799988,666.742493,10633043
20-10-2023,666.650024,676.400024,660.5,663.200012,661.159729,11759568
23-10-2023,663.650024,667.25,645,647.349976,645.358459,8564004
25-10-2023,650,651.900024,636.049988,637.849976,635.887695,8229559
26-10-2023,635,635.650024,624.150024,626.549988,624.622437,8889373
27-10-2023,630,643.950012,628.450012,641.049988,639.07782,10232856
30-10-2023,643.799988,643.799988,621.849976,628.5,626.566467,12786883
31-10-2023,642,642,627.299988,628.650024,626.716003,11395766
01-11-2023,630,633.799988,626.299988,627.700012,625.768921,8785264
02-11-2023,632,638.200012,630.099976,636.450012,634.492004,9934305
03-11-2023,662,666,646.200012,647.5,645.507996,23087856
06-11-2023,652.849976,652.849976,643.200012,646.049988,644.062439,10801301
07-11-2023,645,649.900024,643.299988,645,643.015686,6588073
08-11-2023,648,649.049988,641.900024,642.549988,640.573242,6551864
09-11-2023,644,653.650024,642.700012,649.349976,647.352295,10155047
10-11-2023,649.349976,652.950012,644,651.049988,649.047058,6425792
13-11-2023,653,654,649.299988,653.25,651.240295,3279829
15-11-2023,660,673.5,656.549988,671.549988,669.484009,11324434
16-11-2023,674,685.5,670.900024,680.400024,678.306824,17501373
17-11-2023,682.5,687.650024,679.599976,681.549988,679.453247,9563220
20-11-2023,682,686.75,670.700012,674.299988,672.225525,8324354
21-11-2023,677,683.299988,675,681.700012,679.602783,7291057
22-11-2023,683.950012,687.349976,676.049988,681.200012,679.10437,9279642
23-11-2023,683.200012,685.900024,677.049988,679.950012,677.858215,5885370
24-11-2023,681.400024,681.950012,671.25,673.700012,671.627441,6951690
28-11-2023,677.450012,699.450012,674.25,697.5,695.354187,16015860
29-11-2023,702.75,714.400024,694.349976,712.349976,710.158508,16122864
30-11-2023,716.299988,717.25,697,706.400024,704.226807,24275245
01-12-2023,708,711,703,705.450012,703.279724,10565415
04-12-2023,716,717,704.799988,705.599976,703.42926,9348036
05-12-2023,705.900024,714.900024,705,708.950012,706.768982,9601509
06-12-2023,709.049988,724.799988,709,722.450012,720.227417,12148825
07-12-2023,725,727.5,716,721.950012,719.729004,10451801
08-12-2023,722.049988,727.599976,707.5,714.549988,712.351746,8557203
11-12-2023,717.799988,726.5,716.549988,720.799988,718.58252,6403209
12-12-2023,724.799988,724.799988,713,715.400024,713.199158,6461539
13-12-2023,716,721.450012,713.5,720.299988,718.084045,5807736
14-12-2023,724,724.700012,718.599976,719.75,717.535767,6732352
15-12-2023,723.900024,734,721.25,732.400024,730.146851,12082079
18-12-2023,732.900024,734.75,728.099976,730.799988,728.551758,5450397
19-12-2023,732.599976,732.599976,726,728.950012,726.707458,4511101
20-12-2023,730.950012,733,703.049988,705.25,703.080322,8107602
21-12-2023,703,711.900024,696.25,708.849976,706.66925,7702232
22-12-2023,716.799988,731,712,724.700012,722.47052,12062238
26-12-2023,727.400024,727.5,716.599976,719.549988,717.336365,7229143
27-12-2023,728,741.849976,725.150024,740.900024,738.620667,15052800
28-12-2023,742.650024,757.950012,739.049988,753.900024,751.580688,14906199
29-12-2023,755,802.900024,754,779.950012,777.550537,41170191
01-01-2024,785,798.700012,781.049988,790.599976,788.167725,12570717
02-01-2024,800.5,804,779,784.400024,781.986877,13791090
03-01-2024,786.049988,790,776.25,781.450012,779.045959,8559060
04-01-2024,798,801.799988,791.299988,795.75,793.301941,14298444
05-01-2024,799,805.900024,787.099976,790.950012,788.516724,11091198
08-01-2024,798.400024,800.349976,787.5,789.099976,786.672363,7668471
09-01-2024,799.950012,809.200012,793.150024,799.799988,797.339478,12872757
10-01-2024,800,811,792.650024,808.450012,805.962891,9980044
11-01-2024,813.5,817.5,808.450012,815.650024,813.140747,11075167
12-01-2024,818.150024,818.549988,809.150024,816.450012,813.938232,7664094
15-01-2024,820,820.400024,810.299988,812.450012,809.950562,4835856
16-01-2024,812.450012,827,812.450012,818.849976,816.330811,10159066
17-01-2024,811,813.700012,804,805.549988,803.071777,7895439
18-01-2024,807,822.950012,797,819.049988,816.530212,11500495
19-01-2024,823.849976,826,819.5,823.549988,821.016418,5706888
23-01-2024,824.900024,827.599976,796.299988,800.450012,797.987488,9436209
24-01-2024,802.400024,812,788.5,810.900024,808.405334,7217542
25-01-2024,814,814.150024,800.299988,811.849976,809.352356,10109720
29-01-2024,811.849976,843.799988,811.049988,841,838.41272,12823686
30-01-2024,843,885.950012,842.849976,858.849976,856.207764,19734613
31-01-2024,865.200012,896.5,865.200012,884.200012,881.479858,24562392
01-02-2024,900,900.150024,876.299988,878.5,875.797363,14505885
02-02-2024,886,895.75,876.849976,878.75,876.04657,13003437
05-02-2024,934,950,915.349976,926.799988,923.94873,38686871
06-02-2024,936.400024,941.299988,928.400024,939.549988,936.659546,12714803
07-02-2024,944,944,928.049988,933.799988,930.927185,7913010
08-02-2024,937,939.700012,918.799988,924.299988,921.456421,11576253
09-02-2024,926,927.400024,906.049988,915,912.185059,7904881
12-02-2024,916.099976,925,908,911.599976,908.795471,7286778
13-02-2024,911.599976,919.099976,894,906.900024,904.109985,8574218
14-02-2024,900,919.950012,894.349976,918.299988,915.474915,6570939
15-02-2024,923.700012,927,916.349976,920.549988,917.717957,6430799
16-02-2024,925,948.799988,924.099976,938.599976,935.712463,12826164
19-02-2024,942.950012,942.950012,931.049988,932.599976,929.730896,4632214
20-02-2024,934.450012,934.650024,920.400024,926.349976,923.500122,4733639
21-02-2024,926.349976,937.200012,916.5,921.049988,918.216431,6011018
22-02-2024,924.650024,933.849976,914.599976,932.299988,929.431824,6437014
23-02-2024,933.099976,939.799988,929.400024,937.400024,934.516174,7047473
26-02-2024,937.099976,945,930.700012,936.950012,934.067566,5600234
27-02-2024,936.75,965,935.5,962.700012,959.738342,12810206
28-02-2024,966.150024,976,950.299988,958.049988,955.1026,15219187
29-02-2024,959,959.25,942.900024,950.200012,947.276794,10346657
01-03-2024,958.950012,980.400024,956.700012,977.400024,974.393127,10645369
04-03-2024,993.25,995,980.099976,987.200012,984.162964,6084495
05-03-2024,1027,1065.599976,1005.349976,1021.900024,1018.756226,59811033
06-03-2024,1025,1030.650024,1009,1017.650024,1014.519287,14214823
07-03-2024,1025,1047,1014.049988,1039.300049,1036.102661,16877082
11-03-2024,1034.75,1035.949951,1021,1028,1024.837402,7502450
12-03-2024,1027.800049,1037,1011.299988,1016.5,1013.372803,8763820
13-03-2024,1019,1021,963.549988,973.200012,970.206055,16564155
14-03-2024,964.950012,982,955.400024,967.75,964.772766,22931801
15-03-2024,968.400024,979.75,940,945.849976,942.940125,23390913
18-03-2024,945.849976,974.799988,936.650024,972.450012,969.458313,12121719
19-03-2024,968.549988,970.599976,951.599976,957.75,954.803528,9483750
20-03-2024,960.900024,965.150024,921.200012,940.450012,937.556763,13900321
21-03-2024,951,969.25,946,964.900024,961.93158,11074207
22-03-2024,964.900024,986.200012,950.349976,979.799988,976.785706,13638296
26-03-2024,977,995,976,986.200012,983.166016,9461531
27-03-2024,991.599976,995,976.700012,978.650024,975.639282,6640537
28-03-2024,982.5,999.900024,979,992.799988,989.745728,9862996
01-04-2024,1000,1009.849976,987.450012,992.25,989.197388,8629407
02-04-2024,999,1008,993.400024,1004.650024,1001.559265,7995931
03-04-2024,1004,1014.450012,992.549988,1009.150024,1006.045471,8040366
04-04-2024,1016,1017,998.150024,1011.599976,1008.487854,9138276
05-04-2024,1011.599976,1012.5,1004.400024,1007.099976,1004.001709,4519120
08-04-2024,1010.049988,1016.400024,1004,1013.200012,1010.082947,5188052
09-04-2024,1021,1029.5,1005,1008.5,1005.3974,8539041
10-04-2024,1012.25,1021,1010,1013.5,1010.382019,4554077
12-04-2024,1014,1029,1013.5,1018.5,1015.366638,11575194
15-04-2024,998.099976,1006.950012,978.5,998.799988,995.727234,12632409
16-04-2024,990,1004.900024,982.099976,992.799988,989.745728,9574762
18-04-2024,996.349976,1003.099976,966.25,971.349976,968.361694,13540490
19-04-2024,964,967.950012,944,963.200012,960.236816,15381310
22-04-2024,978.75,978.75,966,973.549988,970.554932,7187959
23-04-2024,976,994.5,974.049988,986.75,983.714355,7994116
24-04-2024,992.400024,995.900024,988,991.650024,988.599304,4671450
25-04-2024,992.5,1003.299988,989.5,1001.25,998.169739,8366455
26-04-2024,1007.799988,1008.950012,996.599976,999.5,996.42511,7937500
29-04-2024,1003.049988,1005.75,999,1000.599976,997.521667,4764750
30-04-2024,1005,1019.450012,997.5,1007.900024,1004.799316,9047011
02-05-2024,1020,1030,1011.549988,1027.800049,1024.638062,12695047
03-05-2024,1038,1040.199951,996,1013.400024,1010.282349,11871773
06-05-2024,1015,1019.799988,1005,1016.200012,1013.07373,5724760
07-05-2024,1016.200012,1017.950012,982.049988,988.549988,985.508789,8877426
08-05-2024,986.950012,1015,977,1012.099976,1008.986328,7519352
09-05-2024,1011,1043.199951,1007.299988,1030.300049,1027.130371,19189798
10-05-2024,1037,1050.349976,1030.400024,1046.650024,1043.430054,13383183
13-05-2024,1005,1008.700012,947.200012,959.75,956.797363,58974762
14-05-2024,965.099976,968,953.25,964.650024,961.682312,16325689
15-05-2024,970.950012,972.950012,945.099976,947.299988,944.385681,19668239
16-05-2024,953.200012,954.400024,919,936.400024,933.519226,31240770
17-05-2024,944,953.400024,941,945.700012,942.790649,13205512
21-05-2024,954,956.650024,948.700012,951.299988,948.373352,10055258
22-05-2024,952,954.900024,942.549988,947.5,944.585083,9495279
23-05-2024,950,963.450012,945.049988,962.349976,959.389343,11211074
24-05-2024,962.5,970.950012,958,960.549988,957.59491,9590588
27-05-2024,964.900024,966.450012,952,958.5,955.551208,6916555
28-05-2024,959,961.900024,946,947.549988,944.634888,6618946
29-05-2024,946.950012,950.5,938.799988,943.599976,940.697083,8184019
30-05-2024,943.5,951.450012,921,923.950012,921.107544,10170912
31-05-2024,931.650024,937.25,920.099976,923,920.160461,14289102
03-06-2024,963,963,934,950.450012,947.526001,12314329
04-06-2024,948,948,855.400024,903.900024,901.119263,26554598
05-06-2024,924.950012,933.75,890,929.950012,927.089111,13752553
06-06-2024,940,946,931.200012,938.25,935.363525,11792640
07-06-2024,940,973,935.25,970.5,967.514343,15577866
10-06-2024,977,984.900024,969.099976,975.150024,972.150024,9258931
11-06-2024,973.799988,992.549988,966.650024,987.099976,987.099976,14828702
12-06-2024,994.5,1010.25,987,988.700012,988.700012,17527993
13-06-2024,1002,1002,980.75,985.849976,985.849976,12157226
14-06-2024,990,997.25,981.400024,993.400024,993.400024,11591421
18-06-2024,1000,1003.549988,984,985.900024,985.900024,9845075
19-06-2024,990,994.900024,975.150024,977.349976,977.349976,7605719
20-06-2024,980,988.400024,976.349976,978.25,978.25,7299571
21-06-2024,979,980.900024,958.099976,961.799988,961.799988,14303735
24-06-2024,960.900024,963.5,950.049988,958.049988,958.049988,6655577
25-06-2024,960,962.849976,949.299988,955,955,7304128
26-06-2024,956,962.5,950.099976,951.849976,951.849976,6908988
27-06-2024,952.5,974.849976,948.049988,972.099976,972.099976,19385412
28-06-2024,975,998.5,972.549988,989.75,989.75,23025267
01-07-2024,989.75,1005.5,985.200012,1002.049988,1002.049988,14006105
02-07-2024,1004.049988,1005,979.099976,981.299988,981.299988,12284132
03-07-2024,984.950012,987.349976,973.5,975.650024,975.650024,7346258
04-07-2024,984,1004,979.599976,998.200012,998.200012,12139832
05-07-2024,1005,1006.599976,989.950012,993.650024,993.650024,9050375
08-07-2024,1005,1016.599976,996.200012,1002.599976,1002.599976,13312085
09-07-2024,1000.950012,1017,998.099976,1014.950012,1014.950012,10948094
10-07-2024,1015,1019.849976,986.049988,1005.5,1005.5,13412206
11-07-2024,1008,1025.5,1007.049988,1020.799988,1020.799988,11983571
12-07-2024,1023.849976,1025.900024,1015,1016.75,1016.75,7339644
15-07-2024,1021.349976,1029.800049,1017.299988,1024.449951,1024.449951,5847297
16-07-2024,1025.5,1029.599976,1019.200012,1021.150024,1021.150024,4824555
18-07-2024,1022.950012,1027,1008,1024.550049,1024.550049,8010324
19-07-2024,1024,1024,986.650024,990,990,7400178
22-07-2024,990,1008,976.549988,1003.150024,1003.150024,7396198
23-07-2024,1007.900024,1008.650024,967.200012,1001.799988,1001.799988,10384177
24-07-2024,997.799988,1034.25,995.150024,1027.699951,1027.699951,11469098
25-07-2024,1029,1094,1024.349976,1090.949951,1090.949951,32766835
26-07-2024,1111.949951,1120.5,1083.599976,1118.300049,1118.300049,21232845
29-07-2024,1124,1139.900024,1118.599976,1124,1124,11850624
30-07-2024,1125.800049,1179,1118.599976,1161.849976,1161.849976,28592304
31-07-2024,1164,1167.900024,1145.300049,1156.650024,1156.650024,10860623
